{
  "Trump": 0.929235,
  "Trump calls": 0.737679,
  "Trump clarifies": 0.717331,
  "DACA deal": 0.519172,
  "Joe Arpaio": 0.474245,
  "DACA comments": 0.464816,
  "out-of-this-world growth claim": 0.459831,
  "NBA player smacks": 0.454804,
  "GOP Rep. Issa": 0.446103,
  "admits sexual incident": 0.445592,
  "Florida drilling exemption": 0.444562,
  "GOP House investigators": 0.444191,
  "Sheriff Joe Arpaio": 0.443487,
  "Rancher Cliven Bundy": 0.441247,
  "House personal cell": 0.440138,
  "North Korea": 0.440063,
  "Ritz Hotel shop": 0.439443,
  "single Russia answer": 0.439246,
  "NBA trade deadline": 0.436706,
  "largest consumer tech": 0.433283,
  "NBA rookie watch": 0.43324,
  "Russia probe": 0.430932,
  "new tax law": 0.430523,
  "single greatest witch": 0.428602,
  "NC redistricting ruling": 0.428329,
  "area force evacuations": 0.427062,
  "Clinton email investigation": 0.425109,
  "Meet North Korea": 0.422255,
  "mud wreak havoc": 0.421864,
  "African-American unemployment rate": 0.421232,
  "conservative civil war": 0.421088,
  "California. 39-year-old bus": 0.419316,
  "NFL divisional playoffs": 0.419309,
  "inspiring skating duo": 0.418621,
  "Swiss ski resort": 0.416196,
  "Deadly mudslides": 0.39656,
  "touts performance": 0.388243,
  "Obama interview": 0.384582,
  "Logan Paul": 0.383855,
  "déjà vu": 0.382047,
  "Kellyanne Conway": 0.382032,
  "Conway spar": 0.381842,
  "FISA program": 0.381065,
  "Clinton talk": 0.380452,
  "Aly Raisman": 0.38022,
  "birth certificate": 0.379706,
  "military leader": 0.379602,
  "latest salvo": 0.377143,
  "Anderson Cooper": 0.376566
}
